Slender Man,/memes/slender-man
Doge,/memes/doge
Lenny face,/memes/%CD%A1-%CD%9C%CA%96-%CD%A1-lenny-face
Forever Alone,/memes/forever-alone
Zerg Rush,/memes/zerg-rush
trollface,/memes/trollface-coolface-problem
Navy Seal Copypasta,/memes/navy-seal-copypasta
my little pony friendship is magic,/memes/subcultures/my-little-pony-friendship-is-magic
Me Gusta,/memes/me-gusta
Do A Barrel Roll,/memes/do-a-barrel-roll
flipping tables,/memes/flipping-tables-%E2%95%AF%E2%96%A1%E2%95%AF%EF%B8%B5-%E2%94%BB%E2%94%81%E2%94%BB
Ermahgerd,/memes/ermahgerd
Dolan,/memes/dolan
yao ming face,/memes/yao-ming-face-bitch-please
Neil deGrasse Tyson Reaction,/memes/neil-degrasse-tyson-reaction
Ugandan Knuckles,/memes/ugandan-knuckles
Y U NO Guy,/memes/y-u-no-guy
Scumbag Steve,/memes/scumbag-steve
Overly Attached Girlfriend,/memes/overly-attached-girlfriend
I Took an Arrow in the Knee,/memes/i-took-an-arrow-in-the-knee
You Dont Say,/memes/you-dont-say--3
The Mandela Effect,/memes/the-mandela-effect
Rule 34,/memes/rule-34
Rules of the Internet,/memes/rules-of-the-internet
Good Guy Greg,/memes/good-guy-greg
ridiculously photogenic guy,/memes/ridiculously-photogenic-guy-zeddie-little
look of disapproval,/memes/%E0%B2%A0_%E0%B2%A0-look-of-disapproval
NO Rage Face,/memes/no-rage-face
Ancient Aliens,/memes/ancient-aliens
not bad,/memes/obama-rage-face-not-bad
Loss,/memes/loss
Okay Guy,/memes/okay-guy
Rage Comics,/memes/subcultures/rage-comics
Pepe the Frog,/memes/pepe-the-frog
DERP,/memes/derp
Has Anyone Really Been Far Even as Decided to Use Even Go Want to do Look More Like,/memes/has-anyone-really-been-far-even-as-decided-to-use-even-go-want-to-do-look-more-like
Jessi Slaughter,/memes/events/jessi-slaughter
Dat Boi,/memes/dat-boi
Philosoraptor,/memes/philosoraptor
Fuck Yea,/memes/fuck-yea
Bad Luck Brian,/memes/bad-luck-brian
Harambe the Gorilla,/memes/harambe-the-gorilla
60s Spider-Man,/memes/60s-spider-man
GamerGate,/memes/events/gamergate
Rage Guy FFFFFUUUUUUUU-,/memes/rage-guy-fffffuuuuuuuu
,/memes/10-guy
Haters Gonna Hate,/memes/haters-gonna-hate
Dick Butt,/memes/dick-butt
Do You Even Lift,/memes/do-you-even-lift
Annoying Facebook Girl,/memes/annoying-facebook-girl
Lemon Party,/memes/lemon-party
That Really Rustled My Jimmies,/memes/that-really-rustled-my-jimmies
Brazzers,/memes/brazzers
Wat,/memes/wat
Blue Whale Challenge,/memes/blue-whale-challenge
The Most Interesting Man in the World,/memes/the-most-interesting-man-in-the-world
Challenge Accepted,/memes/challenge-accepted
Pedobear,/memes/pedobear
Sad Keanu,/memes/sad-keanu
Xzibit Yo Dawg,/memes/xzibit-yo-dawg
Moon Moon,/memes/moon-moon
Kappa,/memes/kappa
Ayy LMAO,/memes/ayy-lmao
Dank Memes,/memes/dank-memes
Grumpy Cat,/memes/grumpy-cat
Dat Ass,/memes/dat-ass
mega milk,/memes/mega-milk-titty-monster
Nyan Cat,/memes/nyan-cat
joseph ducreaux,/memes/joseph-ducreux-archaic-rap
oh crap rage face,/memes/oh-crap-omg-rage-face
If You Know What I Mean,/memes/if-you-know-what-i-mean
Boxxy,/memes/boxxy
Harlem Shake,/memes/harlem-shake
Facepalm,/memes/facepalm
you are already dead,/memes/you-are-already-dead-omae-wa-mou-shindeiru
I Know That Feel Bro,/memes/i-know-that-feel-bro
You Know I Had to Do It to Em,/memes/you-know-i-had-to-do-it-to-em
Deal With It,/memes/deal-with-it
cash me ousside,/memes/cash-me-ousside-howbow-dah
Nope Chuck Testa,/memes/nope-chuck-testa
Socially Awkward Penguin,/memes/socially-awkward-penguin
First World Problems,/memes/first-world-problems
Fap,/memes/fap
are you serious face,/memes/are-you-serious-face-seriously
Rule 63,/memes/rule-63
Gangnam Style,/memes/gangnam-style
Bye Felicia,/memes/bye-felicia
futurama fry,/memes/futurama-fry-not-sure-if
True Story,/memes/true-story
MonkaS,/memes/monkas
One Does Not Simply Walk into Mordor,/memes/one-does-not-simply-walk-into-mordor
2 guys 1 hourse,/memes/2-guys-1-horse-mr-hands
Cool Story Bro,/memes/cool-story-bro
sweet brown,/memes/sweet-brown-aint-nobody-got-time-for-that
Creepypasta,/memes/creepypasta
Darude - Sandstorm,/memes/darude-sandstorm
fuck her right in the pussy,/memes/fuck-her-right-in-the-pussy-fhritp
Based God,/memes/based-god
All the Things,/memes/all-the-things
bear grylls,/memes/bear-grylls-better-drink-my-own-piss
Successful Black Man,/memes/successful-black-man
Raise Your Dongers,/memes/raise-your-dongers
Waifu,/memes/waifu
Cereal Guy,/memes/cereal-guy
I Hope Senpai Will Notice Me,/memes/i-hope-senpai-will-notice-me
PTSD Clarinet Boy,/memes/ptsd-clarinet-boy
High Expectations Asian Father,/memes/high-expectations-asian-father
Homophobic Seal,/memes/homophobic-seal
Aww Yea Guy,/memes/aww-yea-guy
I Sexually Identify as an Attack Helicopter,/memes/i-sexually-identify-as-an-attack-helicopter
Fus Ro Dah,/memes/fus-ro-dah
Kek,/memes/kek
Musically Oblivious 8th Grader,/memes/musically-oblivious-8th-grader
would not bang,/memes/210-would-not-bang
Insanity Wolf,/memes/insanity-wolf
Reaction Images,/memes/reaction-images
Rebecca Black - Friday,/memes/rebecca-black-friday
Look At All The Fucks I Give,/memes/look-at-all-the-fucks-i-give
Delete System32,/memes/delete-system32
what people think i do,/memes/what-people-think-i-do-what-i-really-do
To Be Fair You Have To Have a Very High IQ to Understand Rick and Morty,/memes/to-be-fair-you-have-to-have-a-very-high-iq-to-understand-rick-and-morty
Hide The Pain Harold,/memes/hide-the-pain-harold
U MAD,/memes/u-mad
success kid,/memes/success-kid-i-hate-sandcastles
U WOT M8,/memes/u-wot-m8
Tide POD Challenge,/memes/tide-pod-challenge
Impossibru,/memes/impossibru
Zalgo,/memes/zalgo
Shrek is Love Shrek is Life,/memes/shrek-is-love-shrek-is-life
Are You Fucking Kidding Me,/memes/are-you-fucking-kidding-me
Cinnamon Challenge,/memes/cinnamon-challenge
Courage Wolf,/memes/courage-wolf
I Dont Want to Live on This Planet Anymore,/memes/i-dont-want-to-live-on-this-planet-anymore
I Accidentally,/memes/i-accidentally
Stahp,/memes/stahp
Smilejpg,/memes/smilejpg
serbia strong,/memes/serbia-strong-remove-kebab
Newfags Cant Triforce,/memes/newfags-cant-triforce
SOON,/memes/soon
Its Over 9000,/memes/its-over-9000
miracles,/memes/miracles-fucking-magnets-how-do-they-work
Press F to Pay Respects,/memes/press-f-to-pay-respects
feels bad man,/memes/feels-bad-man-sad-frog
Dafuq,/memes/dafuq
Yes This is Dog,/memes/yes-this-is-dog
Genius,/memes/genius
apyr,/memes/%D0%B4%D1%80%D1%83%D0%B3
Copypasta,/memes/copypasta
I See What You Did There,/memes/i-see-what-you-did-there
An Hero,/memes/an-hero
5 7 ,/memes/57
the fappening,/memes/events/the-fappening-celebgate
Weeaboo,/memes/weeaboo
THEN WHO WAS PHONE,/memes/then-who-was-phone
Honey Badger,/memes/honey-badger
Thats Racist,/memes/thats-racist
Tubgirl,/memes/tubgirl
Rape Sloth,/memes/rape-sloth
The Cake Is a Lie,/memes/the-cake-is-a-lie
Miley Cyrus Sex Tape Facebook Scams,/memes/events/miley-cyrus-sex-tape-facebook-scams
Your Argument Is Invalid,/memes/your-argument-is-invalid
Sweet Jesus Face,/memes/sweet-jesus-face
Son I Am Disappoint,/memes/son-i-am-disappoint
But Thats None of My Business,/memes/but-thats-none-of-my-business
Majoras Mask Creepypasta BEN DROWNED,/memes/majoras-mask-creepypasta-ben-drowned
Jet Fuel Cant Melt Steel Beams,/memes/jet-fuel-cant-melt-steel-beams
Swag,/memes/swag
That Escalated Quickly,/memes/that-escalated-quickly
Inglip,/memes/inglip
Come At Me Bro,/memes/come-at-me-bro
Homestuck,/memes/subcultures/homestuck
Leeroy Jenkins,/memes/leeroy-jenkins
Goatse,/memes/goatse
Tree Fiddy,/memes/tree-fiddy
Duck Face,/memes/duck-face
yaranaika,/memes/yaranaika-%E3%82%84%E3%82%89%E3%81%AA%E3%81%84%E3%81%8B
Work-Safe Porn,/memes/work-safe-porn
Chubby Bubbles Girl,/memes/chubby-bubbles-girl
My Body Is Ready,/memes/my-body-is-ready
Poker Face,/memes/poker-face
And Not a Single Fuck Was Given That Day,/memes/and-not-a-single-fuck-was-given-that-day
4chan,/memes/sites/4chan
I Have No Idea What Im Doing,/memes/i-have-no-idea-what-im-doing
Senor Changs Ha Gay,/memes/senor-changs-ha-gay
Oh God Why,/memes/oh-god-why
I Lied,/memes/i-lied
Keep Calm and Carry On,/memes/keep-calm-and-carry-on
Freddie Mercury Rage Pose,/memes/freddie-mercury-rage-pose
Twitch Plays Pokemon,/memes/events/twitch-plays-pokemon
Disaster Girl,/memes/disaster-girl
Five Nights at Freddys,/memes/subcultures/five-nights-at-freddys
Shut Up And Take My Money,/memes/shut-up-and-take-my-money
PewDiePie,/memes/people/pewdiepie
Indestructible Nokia 3310,/memes/subcultures/indestructible-nokia-3310
Desu,/memes/desu
Cheeki Breeki,/memes/cheeki-breeki
LOL Guy,/memes/lol-guy
Boku no Pico,/memes/boku-no-pico
Dont Talk To Me Or My Son Ever Again,/memes/dont-talk-to-me-or-my-son-ever-again
Polandball,/memes/polandball
Conspiracy Keanu,/memes/conspiracy-keanu
JoJos Bizarre Adventure,/memes/subcultures/jojos-bizarre-adventure
Staredad,/memes/staredad
Mother of God,/memes/mother-of-god
Moms Spaghetti,/memes/moms-spaghetti
Im Twelve Years Old and What is This,/memes/im-twelve-years-old-and-what-is-this
2 Girls 1 Cup,/memes/2-girls-1-cup
I Came,/memes/i-came
troll science,/memes/troll-science-troll-physics
instagram quote rebuttals,/memes/instagram-quote-rebuttals-hipster-edits
Feels,/memes/feels
Are You A Wizard,/memes/are-you-a-wizard
The Narwhal Bacons at Midnight,/memes/the-narwhal-bacons-at-midnight
Feels Good Man,/memes/feels-good-man
Rickroll,/memes/rickroll
Roll Safe,/memes/roll-safe
Murica,/memes/murica
Strutting Leo,/memes/strutting-leo
Draw Me Like One of Your French Girls,/memes/draw-me-like-one-of-your-french-girls
Slowpoke,/memes/slowpoke
I Can Count to Potato,/memes/i-can-count-to-potato
chris chan,/memes/people/chris-chan-cwc-christian-weston-chandler
Advice Dog,/memes/advice-dog
420 Blaze It,/memes/420-blaze-it
Its A Trap,/memes/its-a-trap
Logan Pauls Suicide Forest Video,/memes/logan-pauls-suicide-forest-video
ahegaokin,/memes/ahegaokin-%E3%82%A2%E3%83%98%E9%A1%94%E8%8F%8C
Business Cat,/memes/business-cat
Trolling,/memes/cultures/trolling
What Is This I Dont Even,/memes/what-is-this-i-dont-even
Katy t3h PeNgU1N oF d00m,/memes/katy-t3h-pengu1n-of-d00m
b button emoji,/memes/b-button-emoji-%F0%9F%85%B1
The Tragedy of Darth Plagueis The Wise,/memes/the-tragedy-of-darth-plagueis-the-wise
pokemon,/memes/subcultures/pokemon
TheLegend27,/memes/thelegend27
What Are Those,/memes/what-are-those
REEEEEEE,/memes/reeeeeee
Spaghetti Stories,/memes/spaghetti-stories
ZONE-sama,/memes/people/zone-sama
He Protec but He Also Attac,/memes/he-protec-but-he-also-attac
College Freshman,/memes/college-freshman
Minecraft Creeper,/memes/minecraft-creeper
Like A Boss,/memes/like-a-boss
Shoop Da Whoop,/memes/shoop-da-whoop
Momo,/memes/momo
Foul Bachelor Frog,/memes/foul-bachelor-frog
Lavender Town Syndrome Creepypasta,/memes/lavender-town-syndrome-creepypasta
Meatspin,/memes/sites/meatspin
College Liberal,/memes/college-liberal
Sanic Hegehog,/memes/sanic-hegehog
Ligma,/memes/ligma
shadman,/memes/subcultures/shadman-shadbase
Idiot Nerd Girl,/memes/idiot-nerd-girl
Jeff the Killer,/memes/jeff-the-killer
billy herrington,/memes/people/billy-herrington-gachimuchi
Ryan Gosling,/memes/people/ryan-gosling
Greentext Stories,/memes/greentext-stories
Mocking SpongeBob,/memes/mocking-spongebob
MEMEME,/memes/mememe
The Bong-Chon Dong Ghost,/memes/the-bong-chon-dong-ghost
James Doakes Surprise Motherfucker,/memes/james-doakes-surprise-motherfucker
nothing to do here,/memes/nothing-to-do-here-jet-pack-guy
Feel Like a Sir,/memes/feel-like-a-sir
Kekistan,/memes/kekistan
Side Eyeing Chloe,/memes/side-eyeing-chloe
I Herd U Liek Mudkips,/memes/i-herd-u-liek-mudkips
Hover Hand,/memes/hover-hand
Kony 2012,/memes/events/kony-2012
Huahuehuahue,/memes/huahuehuahue
spurdo sparde,/memes/spurdo-sparde
Divide By Zero,/memes/divide-by-zero
Prepare Your Anus,/memes/prepare-your-anus
Shock Sites,/memes/shock-sites
unexpected john cena,/memes/unexpected-john-cena-and-his-name-is-john-cena
All Your Base Are Belong to Us,/memes/all-your-base-are-belong-to-us
48 29 3,/memes/48293
O RLY,/memes/o-rly
The Grifter,/memes/the-grifter
Trap,/memes/trap
Trash Doves,/memes/trash-doves
lord farquaad,/memes/lord-farquaad-markiplier-e
Confused Black Girl,/memes/confused-black-girl
Honey Boo Boo Child,/memes/people/honey-boo-boo-child
condescending wonka,/memes/condescending-wonka-creepy-wonka
Creepy Chan Allison Harvard,/memes/people/creepy-chan-allison-harvard
Tendies Stories,/memes/tendies-stories
Scumbag Stacy,/memes/scumbag-stacy
i dunno lol,/memes/i-dunno-lol-_o
spongegar,/memes/spongegar-primitive-sponge-caveman-spongebob
Lazy College Senior,/memes/lazy-college-senior
Third World Success,/memes/third-world-success
My Brain is Full of Fuck,/memes/my-brain-is-full-of-fuck
Quinnspiracy,/memes/events/quinnspiracy
Some Men Just Want to Watch the World Burn,/memes/some-men-just-want-to-watch-the-world-burn
Epic Sax Guy,/memes/epic-sax-guy
I Came Out to Have a Good Time and Im Honestly Feeling So Attacked Right Now,/memes/i-came-out-to-have-a-good-time-and-im-honestly-feeling-so-attacked-right-now
YOLO,/memes/yolo
Rain Drop Drop Top,/memes/rain-drop-drop-top
Minecraft,/memes/subcultures/minecraft
Pretty Cool Guy,/memes/pretty-cool-guy
downfall,/memes/downfall-hitler-reacts
 PROFIT,/memes/profit
How Is Babby Formed,/memes/how-is-babby-formed
Ruined Childhood,/memes/ruined-childhood
Trigger,/memes/trigger
Baneposting,/memes/baneposting
X X Everywhere,/memes/x-x-everywhere
Hugh Mungus,/memes/hugh-mungus
WE WUZ KINGS,/memes/we-wuz-kings
Scarlett Johansson Leaked Nudes,/memes/events/scarlett-johansson-leaked-nudes
Jesus is a Jerk,/memes/jesus-is-a-jerk
9GAG,/memes/sites/9gag
Cuck,/memes/cuck
Computer Reaction Faces,/memes/computer-reaction-faces
Pools Closed,/memes/pools-closed
antoine dodson,/memes/antoine-dodson-bed-intruder
Hey Girls Did You Know,/memes/hey-girls-did-you-know
Thicc,/memes/thicc
Handsome Face,/memes/handsome-face
Filthy Frank,/memes/people/filthy-frank
giovanna plowman,/memes/giovanna-plowman-tampon-girl
Technoviking,/memes/technoviking
Zyzz,/memes/people/zyzz
tldr,/memes/tldr
2415439303,/memes/241543903-heads-in-freezers
Half-Life 3 Confirmed,/memes/half-life-3-confirmed
Cupcakes,/memes/cupcakes
Good Luck Im Behind 7 Proxies,/memes/good-luck-im-behind-7-proxies
Mr Bones Wild Ride,/memes/mr-bones-wild-ride
tips fedora,/memes/tips-fedora
Absolute Unit,/memes/absolute-unit
hentai woody,/memes/hentai-woody-%E5%A4%89%E6%85%8B%E3%82%A6%E3%83%83%E3%83%87%E3%82%A3%E3%83%BC
Derpy Hooves,/memes/derpy-hooves
OP is a Faggot,/memes/op-is-a-faggot
Skull Trumpet,/memes/skull-trumpet
Unhelpful High School Teacher,/memes/unhelpful-high-school-teacher
Nicolas Cage,/memes/people/nicolas-cage
Trololo Guy,/memes/trololo-guy
Check Your Privilege,/memes/check-your-privilege
They Dont Think It Be Like It Is But It Do,/memes/they-don-t-think-it-be-like-it-is-but-it-do
ash pedreiro,/memes/ash-pedreiro-dat-ash
fail,/memes/fail-epic-fail
fsjal,/memes/fsjal
Overly Manly Man,/memes/overly-manly-man
PROTIP,/memes/protip
In Soviet Russia,/memes/in-soviet-russia
CSI 4 Pane Comics,/memes/csi-4-pane-comics
John is Kill,/memes/john-is-kill
my immortal,/memes/my-immortal-the-worst-fanfiction-ever
he man sings,/memes/he-man-sings-heyyeyaaeyaaaeyaeyaa
Carl,/memes/carl
Neckbeard,/memes/neckbeard
This Is So Sad Alexa Play Despacito,/memes/this-is-so-sad-alexa-play-despacito
Thanks Obama,/memes/thanks-obama
Super Smash Brothers,/memes/subcultures/super-smash-brothers
Git Gud,/memes/git-gud
reaction guys,/memes/reaction-guys-gaijin-4koma
Tenso,/memes/tenso
Trypophobia,/memes/trypophobia
Confused Nick Young,/memes/confused-nick-young
awesome face,/memes/awesome-face-epic-smiley
Didnt Read LOL,/memes/didnt-read-lol
You Must Construct Additional Pylons,/memes/you-must-construct-additional-pylons
Almost Politically Correct Redneck,/memes/almost-politically-correct-redneck
Cats,/memes/subcultures/cats
Puking Rainbows,/memes/puking-rainbows
horrifying houseguest,/memes/horrifying-house-guest-shadowlurker
Horse Head Mask,/memes/horse-head-mask
caught me sleeping,/memes/caught-me-sleeping-bae-caught-me-slippin
butthurt dweller,/memes/butthurt-dweller-gordo-granudo
Natalia Poklonskaya,/memes/people/natalia-poklonskaya
This Kills The Crab,/memes/this-kills-the-crab
This Is Fine,/memes/this-is-fine
dubs guy,/memes/dubs-guy-check-em
wingboner clopping,/memes/wingboner-clopping
Shooting Stars,/memes/shooting-stars
The Rake,/memes/the-rake
Russian Sleep Experiment,/memes/russian-sleep-experiment
Sharkeisha Fight Video,/memes/events/sharkeisha-fight-video
Earth-chan,/memes/earth-chan
Tumblr,/memes/sites/tumblr
Wombo Combo,/memes/wombo-combo
roundabout,/memes/yes-roundabout-to-be-continued
Deez Nuts,/memes/deez-nuts
Expand Dong,/memes/expand-dong
Vengeance Dad,/memes/vengeance-dad
za warudo,/memes/za-warudo-wryyyyy
Herobrine,/memes/herobrine
Yee,/memes/yee
Virgin-Killing Sweater,/memes/virgin-killing-sweater
You Know Nothing Jon Snow,/memes/you-know-nothing-jon-snow
Expanding Brain,/memes/expanding-brain
Longcat,/memes/longcat
Everybody Walk the Dinosaur,/memes/everybody-walk-the-dinosaur
Big Smokes Order,/memes/big-smokes-order
Casually Pepper Spray Everything Cop,/memes/casually-pepper-spray-everything-cop
Hail Hydra,/memes/hail-hydra
trollestia,/memes/trollestia-molestia-tyrant-celestia
Waffles Dont You Mean Carrots,/memes/waffles-dont-you-mean-carrots
seemslegit,/memes/seems-legit-sounds-legit
Brent Rambo,/memes/brent-rambo
Goodnight Sweet Prince,/memes/goodnight-sweet-prince
Distracted Boyfriend,/memes/distracted-boyfriend
Brian Peppers,/memes/brian-peppers
imminent ned,/memes/imminent-ned-brace-yourselves-winter-is-coming
Close Enough,/memes/close-enough
Candle Cove,/memes/candle-cove
Potato Jesus,/memes/potato-jesus
Karate Kyle,/memes/karate-kyle
Now Kiss,/memes/now-kiss
Bitches Love Smiley Faces,/memes/bitches-love-smiley-faces
Dashcon,/memes/events/dashcon
This Isnt Even My Final Form,/memes/this-isnt-even-my-final-form
Everything Went Better Than Expected,/memes/everything-went-better-than-expected
Cocaine Bear,/memes/cocaine-bear
Trigglypuff,/memes/trigglypuff
donde esta la biblioteca,/memes/donde-esta-la-biblioteca-spanish-rap
Salt Bae,/memes/salt-bae
Vivian James,/memes/vivian-james
McKayla is Not Impressed,/memes/mckayla-is-not-impressed
The Glorious PC Gaming Master Race,/memes/the-glorious-pc-gaming-master-race
Finger Boxes,/memes/finger-boxes
Dragon Dildos,/memes/dragon-dildos
Bill OReilly You Cant Explain That,/memes/bill-oreilly-you-cant-explain-that
The Dab,/memes/the-dab
puts on sunglasses,/memes/puts-on-sunglasses-yeeeeaaahhh
Thot,/memes/thot
Battletoads Pre-order,/memes/battletoads-pre-order
I For One Welcome Our New Insect Overlords,/memes/i-for-one-welcome-our-new-insect-overlords
Epic Beard Man,/memes/epic-beard-man
Sudden Clarity Clarence,/memes/sudden-clarity-clarence
Alternate Universe,/memes/cultures/alternate-universe
Oh You,/memes/oh-you
In This Moment I Am Euphoric,/memes/in-this-moment-i-am-euphoric
limes guy,/memes/limes-guy-why-cant-i-hold-all-these-limes
Oh Stop It You,/memes/oh-stop-it-you
Gabe Newell,/memes/people/gabe-newell
mormon porn,/memes/mormon-porn-bubble-porn
the dress,/memes/thedress-what-color-is-this-dress
Coldsteel The Hedgeheg,/memes/coldsteel-the-hedgeheg
Nopeavi,/memes/nopeavi
Guiles Theme Goes with Everything,/memes/guiles-theme-goes-with-everything
Go Home You Are Drunk,/memes/go-home-you-are-drunk
Netflix and Chill,/memes/netflix-and-chill
notices bulge,/memes/notices-bulge-owo-whats-this
Kill Yourself,/memes/kill-yourself
Squidwards Suicide,/memes/squidwards-suicide
What in Tarnation,/memes/what-in-tarnation
Pawn Stars,/memes/subcultures/pawn-stars
pokeparents,/memes/pokeparents-pokedads
The Main Difference Between Europe and USA,/memes/the-main-difference-between-europe-and-usa
Anime Was a Mistake,/memes/anime-was-a-mistake
stefan karl stefansson,/memes/stefan-karl-stefansson-robbie-rotten
Inception,/memes/subcultures/inception
Youre Doing It Wrong,/memes/youre-doing-it-wrong
Deus Vult,/memes/deus-vult
Actual Advice Mallard,/memes/actual-advice-mallard
Carl the Cuck and AIDS Skrillex,/memes/carl-the-cuck-and-aids-skrillex
BME Pain Olympics,/memes/bme-pain-olympics
hipster mermaid,/memes/hipster-mermaid-hipster-ariel
kanye interrupts,/memes/kanye-interrupts-imma-let-you-finish
Rekt,/memes/rekt
Warlizard Gaming Forum,/memes/warlizard-gaming-forum
Eyebrows on Fleek,/memes/eyebrows-on-fleek
Shitposting,/memes/shitposting
Mereana Mordegard Glesgorv,/memes/mereana-mordegard-glesgorv
Confused Travolta,/memes/confused-travolta
Moon Man,/memes/moon-man
Nigel Thornberry Remixes,/memes/nigel-thornberry-remixes
Troll Quotes,/memes/troll-quotes
Super S Stussy,/memes/super-s-stussy
Gary Oak,/memes/gary-oak
X Grab My Y,/memes/x-grab-my-y
PINGAS,/memes/pingas
Interior Semiotics,/memes/interior-semiotics
We Are Number One,/memes/we-are-number-one
dear sister parodies,/memes/dear-sister-parodies-mmm-whatcha-say
Hipster Kitty,/memes/hipster-kitty
Montage Parodies,/memes/montage-parodies
Virgin vs Chad,/memes/virgin-vs-chad
Steven Crowders Change My Mind Campus Sign,/memes/steven-crowders-change-my-mind-campus-sign
Om Nom Nom Nom,/memes/om-nom-nom-nom
Actual Cannibal Shia LaBeouf,/memes/actual-cannibal-shia-labeouf
Bobs and Vegana,/memes/bobs-and-vegana
my parents are dead,/memes/my-parents-are-dead-batman-slapping-robin
Zangief Kid,/memes/zangief-kid
do want,/memes/do-want-do-not-want
alt f4,/memes/alt-f4
Is This a Pigeon,/memes/is-this-a-pigeon
What Has Been Seen Cannot Be Unseen,/memes/what-has-been-seen-cannot-be-unseen
phteven,/memes/phteven-tuna-the-dog
Weegee,/memes/weegee
There Are No Girls on the Internet,/memes/there-are-no-girls-on-the-internet
This Looks Shopped,/memes/this-looks-shopped
Advice Animals,/memes/advice-animals
whats all this racket,/memes/what-s-all-this-racket-mirada-fija
spoderman,/memes/spoderman-spodermen
gabe the dog,/memes/gabe-the-dog-bork-remixes
Normie,/memes/normie
Sam Hyde,/memes/people/sam-hyde
cave johnson,/memes/cave-johnson-combustible-lemons
Adalia Rose,/memes/people/adalia-rose
Tourettes Guy,/memes/tourettes-guy
Cracking Open a Cold One With the Boys,/memes/cracking-open-a-cold-one-with-the-boys
Zuckerberg Note Pass,/memes/zuckerberg-note-pass
Gotta Go Fast,/memes/gotta-go-fast
Boardroom Suggestion,/memes/boardroom-suggestion
Descriptive Noise,/memes/descriptive-noise
Download More RAM,/memes/download-more-ram
Tits or GTFO,/memes/tits-or-gtfo
The Rock Driving,/memes/the-rock-driving
Wololo,/memes/wololo
Arthurs Fist,/memes/arthurs-fist
Feels Good,/memes/feels-good
Anti-Joke Chicken,/memes/anti-joke-chicken
Butthurt,/memes/butthurt
why not both,/memes/why-not-both-why-dont-we-have-both
Asians in the Library,/memes/asians-in-the-library
Its Dangerous to Go Alone Take This,/memes/it-s-dangerous-to-go-alone-take-this
The Wadsworth Constant,/memes/the-wadsworth-constant
It Is Wednesday My Dudes,/memes/it-is-wednesday-my-dudes
Shit Was So Cash,/memes/shit-was-so-cash--2
Steven Universe,/memes/subcultures/steven-universe
Dark Souls,/memes/subcultures/dark-souls
Spoopy,/memes/spoopy
Cult of Kek,/memes/cult-of-kek
Name Puns,/memes/name-puns
ok symbol,/memes/ok-symbol-%F0%9F%91%8C
U Jelly,/memes/u-jelly
Cory in the House,/memes/subcultures/cory-in-the-house
Electric Boogaloo,/memes/electric-boogaloo
Trolldad,/memes/trolldad
Banana For Scale,/memes/banana-for-scale
RIP in Peace,/memes/rip-in-peace
THE GAME,/memes/the-game
This Is Why We Cant Have Nice Things,/memes/this-is-why-we-cant-have-nice-things
Ted Cruz Zodiac Killer,/memes/ted-cruz-zodiac-killer
Double Rainbow,/memes/double-rainbow
Release The Kraken,/memes/release-the-kraken
Mitochondria is the Powerhouse of the Cell,/memes/mitochondria-is-the-powerhouse-of-the-cell
I Have The Weirdest Boner,/memes/i-have-the-weirdest-boner
Blue Waffle,/memes/blue-waffle
Somebody Toucha My Spaghet,/memes/somebody-toucha-my-spaghet
A Cat Is Fine Too,/memes/a-cat-is-fine-too
slav squat,/memes/why-do-slavs-squat-slav-squat
Yeah Science Bitch,/memes/yeah-science-bitch
Girls Laughing,/memes/girls-laughing
Dog Fort,/memes/dog-fort
Agario,/memes/sites/agario
You Just Activated My Trap Card,/memes/you-just-activated-my-trap-card
SO HARDCORE,/memes/so-hardcore
harp derp,/memes/harp-darp-herp-derp
Ahegao,/memes/subcultures/ahegao
jontron,/memes/people/jontron-jon-jafari
Shit Tyrone Get It Together,/memes/shit-tyrone-get-it-together
bee movie script,/memes/bee-movie-script-according-to-all-known-laws-of-aviation
Impact,/memes/impact
Too Much Water,/memes/too-much-water
daily dose,/memes/daily-dose-piccolo-dick
Justin Bieber,/memes/people/justin-bieber
Its Something,/memes/its-something
Bee Movie,/memes/subcultures/bee-movie
record scratch freeze frame,/memes/record-scratch-freeze-frame
Diabeetus,/memes/diabeetus
pokemon creepy black,/memes/pokemon-creepy-black
Team Fortress 2,/memes/subcultures/team-fortress-2
Dating Site Murderer,/memes/dating-site-murderer
Burger King Foot Lettuce,/memes/burger-king-foot-lettuce
My Name Is Jeff,/memes/my-name-is-jeff
I Put on My Robe and Wizard Hat,/memes/i-put-on-my-robe-and-wizard-hat
youtube poop,/memes/youtube-poop-ytp
Daquan,/memes/daquan
Cake Farts,/memes/cake-farts
Katawa Shoujo,/memes/subcultures/katawa-shoujo
Happy Merchant,/memes/happy-merchant
Wonderwall,/memes/wonderwall
He Will Not Divide Us,/memes/he-will-not-divide-us
2Spooky,/memes/2spooky
futurama zoidberg,/memes/futurama-zoidberg-why-not-zoidberg
Ted the Caver,/memes/ted-the-caver
Undertale,/memes/subcultures/undertale
teleports behind you nothing personal kid,/memes/teleports-behind-you-nothing-personal-kid
Demotivational Posters,/memes/demotivational-posters
They Told Me I Could Be Anything I Wanted,/memes/they-told-me-i-could-be-anything-i-wanted
Thai Political Crisis Breakup,/memes/thai-political-crisis-breakup
pacha edits,/memes/pacha-edits-when-the-sun-hits-that-ridge-just-right
Chemistry Cat,/memes/chemistry-cat
How Can She Slap,/memes/how-can-she-slap
Anti-Zombie Fortress,/memes/anti-zombie-fortress
QWOP,/memes/qwop
Furries,/memes/cultures/furries
Shut Down Everything,/memes/shut-down-everything
Internet Husband,/memes/internet-husband
Full Retard,/memes/full-retard
You Keep Using That Word I Do Not Think It Means What You Think It Means,/memes/you-keep-using-that-word-i-do-not-think-it-means-what-you-think-it-means
This Is the Ideal Male Body,/memes/this-is-the-ideal-male-body
Sonicexe,/memes/sonicexe
Suicide Mouse,/memes/suicide-mouse
Gaben,/memes/gaben
doom paul,/memes/doom-paul-its-happening
RWBY,/memes/subcultures/rwby
Candlejack,/memes/candlejack
Did He Died,/memes/did-he-died
I Like Turtles,/memes/i-like-turtles
Were a Culture Not a Costume,/memes/we-re-a-culture-not-a-costume
Thats What She Said,/memes/thats-what-she-said
This Man Ever Dream This Man,/memes/this-man-ever-dream-this-man
You Had One Job,/memes/you-had-one-job
Begone Thot,/memes/begone-thot
Put Your Finger Here,/memes/put-your-finger-here
9 10 21,/memes/9-10-21
The Song of My People,/memes/the-song-of-my-people
Woll Smoth,/memes/woll-smoth
Wew Lad,/memes/wew-lad
Ken Bone,/memes/ken-bone
Crying Michael Jordan,/memes/crying-michael-jordan
Giga Pudding,/memes/cultures/giga-pudding
Make Me a Sandwich,/memes/make-me-a-sandwich
costanzajpg,/memes/costanzajpg-george-costanza-reaction-face
intensifies,/memes/intensifies
Suh Dude,/memes/suh-dude
Rape Face,/memes/rape-face
Im Ethan Bradberry,/memes/im-ethan-bradberry
iPhone Whale,/memes/iphone-whale
Planking,/memes/planking
Bone Hurting Juice,/memes/bone-hurting-juice
Ebola-chan,/memes/ebola-chan
Three Wolf Moon,/memes/three-wolf-moon
SCP Foundation,/memes/sites/scp-foundation
Whomst,/memes/whomst
Doki Doki Literature Club,/memes/subcultures/doki-doki-literature-club
Skeleton War,/memes/events/skeleton-war
Ben Swolo,/memes/ben-swolo
Aesthetic,/memes/aesthetic
Give Her The Dick,/memes/give-her-the-dick
Slaps Roof of Car,/memes/slaps-roof-of-car
Drake The Type Of,/memes/drake-the-type-of
Fap Guy,/memes/fap-guy
It Was Me Dio,/memes/it-was-me-dio
Steamed Hams,/memes/steamed-hams
Emoticons,/memes/emoticons
Ainsley Harriott,/memes/people/ainsley-harriott
Pun Dog,/memes/pun-dog
Adventure Time,/memes/subcultures/adventure-time
Kill It With Fire,/memes/kill-it-with-fire
Didney Worl,/memes/didney-worl
Borutos Dad,/memes/borutos-dad
Aww Yiss,/memes/aww-yiss
Emo Dad,/memes/emo-dad
I Should Buy a Boat Cat,/memes/i-should-buy-a-boat-cat
What You Think You Look Like vs What You Actually Look Like,/memes/what-you-think-you-look-like-vs-what-you-actually-look-like
Its Gonna Be May,/memes/its-gonna-be-may
Does Bruno Mars Is Gay,/memes/does-bruno-mars-is-gay
Keemstar,/memes/people/keemstar
Overwatch,/memes/subcultures/overwatch
Dub the Dew,/memes/events/dub-the-dew
First Day on the Internet Kid,/memes/first-day-on-the-internet-kid
Pokepuns,/memes/pokepuns
reddit,/memes/sites/reddit
brendan frasers alimony,/memes/brendan-frasers-alimony-just-fuck-my-shit-up
This is Bob,/memes/this-is-bob
Rare Pepe,/memes/rare-pepe
Ceiling Cat,/memes/ceiling-cat
Damn Daniel,/memes/damn-daniel
Edgy,/memes/edgy
SpongeBob SquarePants,/memes/subcultures/spongebob-squarepants
Racists On 4chan,/memes/racists-on-4chan
my face when mfw,/memes/my-face-when-mfw-that-face-when-tfw
brother sharp,/memes/brother-sharp-%E7%8A%80%E5%88%A9%E5%93%A5
Boonk Gang,/memes/people/boonk-gang
Duwang,/memes/duwang
Confession Bear,/memes/confession-bear
Friendship Ended With Mudasir,/memes/friendship-ended-with-mudasir
Amber Lamps,/memes/amber-lamps
Derpina,/memes/derpina
Tunak Tunak Tun Dance,/memes/tunak-tunak-tun-dance
Jebaited,/memes/jebaited
Kyubey,/memes/kyubey
This Is Sparta,/memes/this-is-sparta
Im Here To Kick Ass And Chew Bubblegum,/memes/im-here-to-kick-ass-and-chew-bubblegum
LOLWUT,/memes/lolwut
Grammar Nazi,/memes/grammar-nazi
Conceited Reaction,/memes/conceited-reaction
Poot Lovato,/memes/poot-lovato
My Faggot Dog,/memes/my-faggot-dog
I Didnt Choose The Thug Life The Thug Life Chose Me,/memes/i-didnt-choose-the-thug-life-the-thug-life-chose-me
You Gonna Get Raped,/memes/you-gonna-get-raped
Kreygasm,/memes/kreygasm
